SchemaHash,Documents
970499e682e05d5fcc7e060507f386a7,29972
6ddb3585d8d6487bbcb4a4db06d5bd8e,19443
bd53f958a54bc020055d03f48199c1ff,16339
c1d8abe3938c7c8f263f0c7abc84ee8e,12480
1ea4c78c5940b521d909cbb0ea9d865b,9373
d75bf039c5348d57e7c03ab876ab9758,7660
784074e7620ddd4719eee02d57ba9190,7540
0efad8aa13856d037494a83c0bf082cb,2718
93fafe1ea5cc00f2e38b2dfcec366ca8,2434
25487f99fc270e3b0f38fa3b665e28d5,1579
e876b285b1ae07131995f66ce3493b04,1537
182b0256ec62b254d6463244130b4c93,1503
fc27dfd038c155675a75cc93e2740949,1394
2daff24426cefa90fd06802f5d0321b3,1265
ad5137a6b6a850f5cc48f07b2fd8ab3c,1264
8f6cc9d7ef864ae9c558516a87a90cc6,1218
ccfb2f4432b61ce530caa9538d7dfcc9,1066
9081c7f02f130436359d8c84007984be,846
e2c2effedd99c6dbf685c189633fd6da,603
f6262d80a18987f04760e92540f01904,597
e38f647e4b84c97695d93fb43f9fd75f,480
d2bf0043e209cd9f67d49597dac47b14,467
fa6abb34763958c94f58a82d4fbd43ae,433
c2fcab014bf14d6ecdb4f918d0c67046,394
4737d2aea8b028ed921bc2d41f3f80ec,391
9fb952861747d8885e8c3b8974c3c68d,375
56e2be4ab99277edcedb5748d45ea521,371
22a22fa6588f3e63b7b3559320696dc1,363
7646056a526c3bbc2970f054ef69dfdd,249
fbbd81bd35d27913c0c9e5d690e0c9d3,240
dd87dca21502fa572e2bbe2e2abddbca,202
844b7cee3c058c341c7a65bbae8cb9a2,147
afc224cc6483d4c2034c1b4b19ccb838,142
29b5c16e4e755f2f37ba7891b3b8580d,140
16f6d8416e93be5a2b05add6a54b863a,133
89b24673eabe6bc5ba752a112abec3aa,131
a6d0d67aa3e1036a5261a75a9f4efbdf,125
1af5b912dcd874db6ef1331611b675eb,121
388dcbed85294a914fcb1083f14f7438,114
f48d53c6c3e84bcae4a0f51cbcef3061,107
ce2636973fba9ea2bb0dbf72e1227100,106
5eb64f2c002402b1df2e35b33049ee34,100
080c1c17b98b18fe1ada4ff5faec0eb8,94
ceb34d15819435f0b8592df77fdcad94,91
ea1b5a641bd982a14735e08ad717a1f6,76
5e38dceb0e60066d6b382f18b7e57449,72
1c5150aaa21da17d4a40f6634ef375d7,71
bb80cd7ee4ca66c6ae3c00a23501b38b,71
f70443bda42b8ce5e1c13a27bffabb89,70
2ddf4f3fd4009bf69b812f01d89f4db1,70
30e66a9803fc7b793d24770e060f1e04,69
590621a5169a7a2896c82db37cfd3253,69
fd9b18276cc6245600437c1e35624f24,66
5e61f2ffc33fec5956aa061b23597ad3,65
1cbb6f75fb2442412af277a8cdf86ac9,64
afde68188f5793bbb96f721def613eaf,62
3309ceb4ca68c04ea845315be5c484df,58
edf0832bd081c5d819f76c859c13aa89,56
f5f755495bb51456d71a32cfdd618ecf,52
d1c07d452b3d878b59f1c673372bd698,51
4a5fafca70e716fc7a8ba70bf1ceb727,47
74e68e34beac637c304e8ba01d7b2468,43
26cca725ed51b7b269801764353282ea,37
fe36fd1270422f7c6278589ddf843627,34
478a0e27ecf29df722f49a6bac4b93ae,33
689afb423d65d5ec6500454966d44963,32
f929b535cf09120d9606ce2c7620c537,30
cc6ac98f352b6386741c6cb378081102,29
b1e9af360d2bcd4d8cc0c86bab4283b0,24
8ccc9ae94311fb22cafab09b17a81582,24
aae58f5a7039a7d97ddf5cf8204e95d4,24
f5e88192d47eda83216e32efe1598b34,23
24ffe80ec1272ba7dba70c4bb5143f38,17
26702e2e5a9202fb522b7ddf8fd11aa7,16
7ba6f12972436f9cc41301f281fab791,16
7c6501d5bf6c4a9edcd63436e3413e92,15
7487cd5e55d0df437a1e38125a1d44d4,14
0e3a851977b8c2e58254a165e47072ce,14
9f01bcc2459ca284eb3d6cbb88d33753,13
e45e6d41f7c190a0c6c482d3c5aa8afd,13
960a50c0e166b97054a0ca694ddc56c8,12
1fd6ae591e6174a54d2fda77dfc98fe9,11
f22b420c51cd248986342fb0986a918e,11
921f30cb5663c1875b6477af0543f9a4,11
1b54f00eaed5205f075152eca7f7df9a,11
a994b832ee7191b8571e3fd80085eca3,9
65ee394b3cae9db524cfc8293d8f0dc9,9
06995362c35dd526643e36d790882d2a,9
256c6dd48c5e6839a74206f0adb2eb26,9
861a163273feabca42209d651689ed76,9
20ec46c1149924ff271275d0fd860e21,9
0b8684e57f8cc1f32c23f52090c1bf2c,8
dda05f0ab7497109ff4f0b7ab7cec1d1,8
ea866c0941e80a814bd352ab5ca1ad87,7
f37e56751f178960f694937f8d82a0f8,7
9d3e5ba4f56613f301bc3af6f06d30dd,7
14ffba04bd51d9521d2e508de875afe6,6
4fd4d7d6f2fab7bd15bf5b30623a59ef,6
a3f8f0108f12fd6b47b4edb9f514610a,6
cf89a763da271c80bd18aee7c53204b9,5
39fb9194cbbc82c6b6758b8dc81f853c,5
2578123338510b364dbd0f2593f95e5a,5
b063adaeedfdfb46fb8f55101d2de3b3,5
4f4fe4217cbd3426bd226c0d336f58a6,5
d24d691016e381eaf23445232ad822e5,5
2397fbbc52f662bd100b78bd607d9cfd,4
c77f37ba12408fe4a28db539f24cf8e8,3
825e3dc1d6757045b740b0faeaf7ec71,3
9808804bc93d837ed2010bd04e942fce,3
a09d1b37b2ac9c4efa16cfb783e9c733,3
15ba86921c91c9cc6b9e02967f5ce379,3
3debaba366d1f1595cf03d95ebb896fe,3
d648bf0c37bbd1db55ffecbc2f797b4c,3
7c02e3a5c314a5b91d548d02e8d9ad9e,3
08ed1b0e90a8edda1f3a1f44d254ae69,3
5b62a40b990a538ccc154a03093ad8cb,3
8bd77374e1447fb0c970303300016abc,3
5c4a4baaf9e9466642f558b7c8718130,2
4edbe62f07d63f3a4a22c3d50484eec9,2
4d1603538ddb219e4977562a507cb849,2
5a2b88fa296da422d94328e7fe894177,2
9188d04e5ff16d8756a6c9fc6573f900,2
4816697745ee4fd5b388f45a0b939994,1
775a1bd52feaebfae0622c9b75266cd0,1
0f4e386852aedd5afcb1825202a2ac86,1
d51a874b850add6c4e8e03223f64c290,1
0f709a3fc02d3dff317979355117f7f3,1
dbb2076d7516716baa3fef64831dad57,1
7b4333d555e93ebf4d93219b95e97efc,1
d40418733b26a291d77fb1ed90a6a1e8,1
cbebe517d2ebfe49e8bc03cdf16adc18,1
9aad516a9ddec408d8b1197af6a918ac,1
cca9f7cd771fb00b9c6fae173eda20f6,1
b58edf2138ac4a8645cafc2ee5dbfb8f,1
3e27bf131aee64772d52b6a53efa4085,1
596b03496a498c548a0e8ec25e9b1242,1
2b3a80afa7055d51c2ec66cba2375f36,1
49e05fd91aa0d4e2f35f7ad3bbcf7bba,1
b8c2eff561141eae3609cb29a036d3cd,1
80e40b95d547e07434ecf61a5fba93e1,1
35e69c7138a25de5ec85d2a639969a43,1
66de0a5ab3d36722f1e5d64f800b8398,1
8c2d4b1b0f60c7af77d9197dba7bdc61,1
6f313306f47e6137c463b657045900c3,1
b20aa082ce4eaee128f41ea37881468e,1
1c1a18c2a3ce5d6bcfd03a450a478168,1
0f6555093bd72a6c04fcd5430039744e,1
47fe79bee81b5e5f9d7e01b19207d3d2,1
6bb2572a45e42c8e24f269ca2449269f,1
f6d1459f24ad0f073ec1cf0e9aaba637,1
26c8bbc9c1812ef75545b4be143d1742,1
9392dc6834bc3f9d86fb641383f723cc,1
